<?xml version='1.0' encoding='utf-8'?>

<!--
 Copyright 2003-2009 Sun Microsystems, Inc.  All Rights Reserved.
 DO NOT ALTER OR REMOVE COPYRIGHT NOTICES OR THIS FILE HEADER.

 This code is free software; you can redistribute it and/or modify it
 under the terms of the GNU General Public License version 2 only, as
 published by the Free Software Foundation.  Sun designates this
 particular file as subject to the "Classpath" exception as provided
 by Sun in the LICENSE file that accompanied this code.

 This code is distributed in the hope that it will be useful, but WITHOUT
 ANY WARRANTY; without even the implied warranty of MERCHANTABILITY or
 FITNESS FOR A PARTICULAR PURPOSE.  See the GNU General Public License
 version 2 for more details (a copy is included in the LICENSE file that
 accompanied this code).

 You should have received a copy of the GNU General Public License version
 2 along with this work; if not, write to the Free Software Foundation,
 Inc., 51 Franklin St, Fifth Floor, Boston, MA 02110-1301 USA.

 Please contact Sun Microsystems, Inc., 4150 Network Circle, Santa Clara,
 CA 95054 USA or visit www.sun.com if you need additional information or
 have any questions.
-->


<Doclet>

    <PackageDoc>
        <PackageHeader/>
        <Summary>
            <SummaryHeader/>
            <InterfaceSummary/>
            <ClassSummary/>
            <EnumSummary/>
            <ExceptionSummary/>
            <ErrorSummary/>
            <AnnotationTypeSummary/>
            <SummaryFooter/>
        </Summary>
        <PackageDescription/>
        <PackageTags/>
        <PackageFooter/>
    </PackageDoc>

    <AnnotationTypeDoc>
        <AnnotationTypeHeader/>
        <DeprecationInfo/>
        <AnnotationTypeSignature/>
        <AnnotationTypeDescription/>
        <AnnotationTypeTagInfo/>
        <MemberSummary>
                <AnnotationTypeRequiredMemberSummary/>
            <AnnotationTypeOptionalMemberSummary/>
        </MemberSummary>
        <AnnotationTypeRequiredMemberDetails>
            <Header/>
            <AnnotationTypeRequiredMember>
                <MemberHeader/>
                <Signature/>
                <DeprecationInfo/>
                <MemberComments/>
                <TagInfo/>
                <MemberFooter/>
            </AnnotationTypeRequiredMember>
        </AnnotationTypeRequiredMemberDetails>
        <AnnotationTypeOptionalMemberDetails>
            <AnnotationTypeOptionalMember>
                <MemberHeader/>
                <Signature/>
                <DeprecationInfo/>
                <MemberComments/>
                <TagInfo/>
                <DefaultValueInfo/>
                <MemberFooter/>
            </AnnotationTypeOptionalMember>
            <Footer/>
        </AnnotationTypeOptionalMemberDetails>
        <AnnotationTypeFooter/>
    </AnnotationTypeDoc>

    <ClassDoc>
        <ClassHeader/>
        <ClassTree/>
        <TypeParamInfo/>
        <SuperInterfacesInfo/>
        <ImplementedInterfacesInfo/>
        <SubClassInfo/>
        <SubInterfacesInfo/>
        <InterfaceUsageInfo/>
        <NestedClassInfo/>
        <DeprecationInfo/>
        <ClassSignature/>
        <ClassDescription/>
        <ClassTagInfo/>
        <MemberSummary>
            <NestedClassesSummary/>
            <NestedClassesInheritedSummary/>
            <EnumConstantsSummary/>
            <FieldsSummary/>
            <FieldsInheritedSummary/>
            <ConstructorsSummary/>
            <MethodsSummary/>
            <MethodsInheritedSummary/>
        </MemberSummary>
        <EnumConstantsDetails>
            <Header/>
            <EnumConstant>
                <EnumConstantHeader/>
                <Signature/>
                <DeprecationInfo/>
                <EnumConstantComments/>
                <TagInfo/>
                <EnumConstantFooter/>
            </EnumConstant>
            <Footer/>
        </EnumConstantsDetails>
        <FieldDetails>
            <Header/>
            <FieldDoc>
                <FieldHeader/>
                <Signature/>
                <DeprecationInfo/>
                <FieldComments/>
                <TagInfo/>
                <FieldFooter/>
            </FieldDoc>
            <Footer/>
        </FieldDetails>
        <ConstructorDetails>
            <Header/>
            <ConstructorDoc>
                <ConstructorHeader/>
                <Signature/>
                <DeprecationInfo/>
                <ConstructorComments/>
                <TagInfo/>
                <ConstructorFooter/>
            </ConstructorDoc>
            <Footer/>
        </ConstructorDetails>
        <MethodDetails>
            <Header/>
            <MethodDoc>
                <MethodHeader/>
                <Signature/>
                <DeprecationInfo/>
                <MethodComments/>
                <TagInfo/>
                <MethodFooter/>
            </MethodDoc>
            <Footer/>
        </MethodDetails>
        <ClassFooter/>
    </ClassDoc>

    <ConstantSummary>
        <Header/>
        <Contents/>
        <ConstantSummaries>
            <PackageConstantSummary>
                <PackageHeader/>
                <ClassConstantSummary>
                    <ClassHeader/>
                    <ConstantMembers/>
                    <ClassFooter/>
                </ClassConstantSummary>
            </PackageConstantSummary>
        </ConstantSummaries>
        <Footer/>
    </ConstantSummary>

    <SerializedForm>
        <Header/>
        <SerializedFormSummaries>
            <PackageSerializedForm>
                <PackageHeader/>
                <ClassSerializedForm>
                    <ClassHeader/>
                    <SerialUIDInfo/>
                    <MethodHeader/>
                    <SerializableMethods>
                        <MethodSubHeader/>
                        <DeprecatedMethodInfo/>
                        <MethodInfo>
                            <MethodDescription/>
                            <MethodTags/>
                        </MethodInfo>
                        <MethodFooter/>
                    </SerializableMethods>
                    <FieldHeader/>
                    <SerializableFields>
                        <FieldSubHeader/>
                        <FieldDeprecationInfo/>
                        <FieldInfo/>
                        <FieldSubFooter/>
                    </SerializableFields>
                </ClassSerializedForm>
            </PackageSerializedForm>
        </SerializedFormSummaries>
        <Footer/>
    </SerializedForm>
</Doclet>
